Monthly,Steps,calories,distance,recordkey
2024-11,124783.00000,5002.50,94.34,7836887b-b12a-440f-af0f-851546504b13
2024-12,115592.00000,4635.84,87.38,7836887b-b12a-440f-af0f-851546504b13
