Monthly,Steps,calories,distance,recordkey
2024-11,136245.00000,0.00,109.00,e27ba7ef-8bb2-424c-af1d-877e826b7487
2024-12,136851.00003,0.00,109.48,e27ba7ef-8bb2-424c-af1d-877e826b7487
