Monthly,Steps,calories,distance,recordkey
2024-11,130945.00000,4671.77,100.72,3b87c9a4-f983-4168-8f27-85436447bb57
2024-12,130551.00000,4560.13,101.10,3b87c9a4-f983-4168-8f27-85436447bb57
