Monthly,Steps,calories,distance,recordkey
2024-11,117862.90098,0.00,94.29,7b012e6e-ba2b-49c7-bc2e-473b7b58e72e
2024-12,111977.14578,0.00,89.58,7b012e6e-ba2b-49c7-bc2e-473b7b58e72e
